#Id,Prefix
DST_100,100
DST_101,101
DST_102,102
DST_103,103
DST_104,104
DST_105,105
DST_106,106
DST_107,107
DST_108,108
DST_109,109
DST_110,110
DST_111,111
DST_112,112
DST_113,113
DST_114,114
DST_115,115
DST_116,116
DST_117,117
DST_118,118
DST_119,119
DST_120,120
DST_121,121
DST_122,122
DST_123,123
DST_124,124
DST_125,125
DST_126,126
DST_127,127
DST_128,128
DST_129,129
DST_130,130
DST_131,131
DST_132,132
DST_133,133
DST_134,134
DST_135,135
DST_136,136
DST_137,137
DST_138,138
DST_139,139
DST_140,140
DST_141,141
DST_142,142
DST_143,143
DST_144,144
DST_145,145
DST_146,146
DST_147,147
DST_148,148
DST_149,149
DST_150,150
DST_151,151
DST_152,152
DST_153,153
DST_154,154
DST_155,155
DST_156,156
DST_157,157
DST_158,158
DST_159,159
DST_160,160
DST_161,161
DST_162,162
DST_163,163
DST_164,164
DST_165,165
DST_166,166
DST_167,167
DST_168,168
DST_169,169
DST_170,170
DST_171,171
DST_172,172
DST_173,173
DST_174,174
DST_175,175
DST_176,176
DST_177,177
DST_178,178
DST_179,179
DST_180,180
DST_181,181
DST_182,182
DST_183,183
DST_184,184
DST_185,185
DST_186,186
DST_187,187
DST_188,188
DST_189,189
DST_190,190
DST_191,191
DST_192,192
DST_193,193
DST_194,194
DST_195,195
DST_196,196
DST_197,197
DST_198,198
DST_199,199
